{
    "length": {
        "millimeters": 1,
        "centimeters": 10,
        "meters": 1000,
        "kilometers": 1000000,
        "inches": 25.4,
        "feet": 304.8,
        "yards": 914.4,
        "miles": 1609344,
        "nautical miles": 1852000,
        "light years": 9.4607e15,
        "astronomical units": 1.496e11,
        "parsecs": 3.086e16,
        "angstroms": 1e-10,
        "fathoms": 1828.8,
        "micrometers": 1e-6,
        "nanometers": 1e-9,
        "picometers": 1e-12,
        "mil": 0.0254,
        "rods": 5.0292,
        "kiloparsecs": 3.086e19,
        "megameters": 1e9,
        "geological units": 1e8,
        "femtometers": 1e-15,
        "light-months": 2.5656e14
    },
    "weight": {
        "milligrams": 0.001,
        "grams": 1,
        "kilograms": 1000,
        "ounces": 28.3495,
        "pounds": 453.592,
        "stones": 6350.29,
        "micrograms": 1e-6,
        "metric tons": 1000000,
        "long tons": 1016046.91,
        "short tons": 907184.74,
        "drams": 1.77185,
        "carats": 0.2,
        "troy ounces": 31.1035,
        "troy pounds": 373.241,
        "grains": 0.06479891,
        "ounce troy": 31.1035,
        "millitons": 1e-6,
        "nanograms": 1e-9,
        "kilograms per cubic meter": 1,
        "ounces per cubic inch": 1.77
    },
    "volume": {
        "milliliters": 1,
        "cubic centimeters": 1,
        "liters": 1000,
        "gallons (US)": 3785.41,
        "gallons (UK)": 4546.09,
        "quarts (US)": 946.353,
        "quarts (UK)": 1136.52,
        "pints (US)": 473.176,
        "pints (UK)": 568.261,
        "cups (US)": 236.588,
        "cups (UK)": 284.131,
        "fluid ounces (US)": 29.5735,
        "fluid ounces (UK)": 28.4131,
        "cubic inches": 16.387,
        "cubic feet": 28316.8,
        "cubic meters": 1000000,
        "hectoliters": 100000,
        "deciliters": 100,
        "barrels (US)": 158987,
        "barrels (UK)": 163660,
        "gallons (Imperial)": 4546.09,
        "minims": 0.061611,
        "cubic yards": 764554.85798
    },
    "area": {
        "square millimeters": 1,
        "square centimeters": 100,
        "square meters": 1000000,
        "hectares": 10000000,
        "square kilometers": 1000000000,
        "acres": 4046.86,
        "square feet": 92903.04,
        "square yards": 836127.36,
        "square miles": 258998811,
        "are": 100000,
        "barns": 1e-28,
        "roods": 1011.71,
        "sections": 25899881100,
        "square inches": 645.16,
        "square millimeters (sq mm)": 1,
        "square micrometers": 1e-12
    },
    "speed": {
        "meters per second": 1,
        "kilometers per hour": 0.277778,
        "miles per hour": 0.44704,
        "feet per second": 0.3048,
        "knots": 0.514444,
        "mach": 343.0,
        "light speed": 299792458,
        "speed of sound (air)": 343,
        "speed of light (vacuum)": 299792458,
        "meters per minute": 0.0166667,
        "meters per hour": 0.000277778,
        "kilometers per second": 0.001,
        "miles per second": 0.00044704,
        "knots per hour": 1852,
        "feet per minute": 18.288
    },
    "temperature": {
        "celsius": 1,
        "fahrenheit": 0.555556,
        "kelvin": 1,
        "rankine": 0.555556,
        "reamur": 0.8,
        "delisle": 1.5,
        "newton": 0.33,
        "romer": 0.525,
        "réaumur": 0.8,
        "absolute zero (kelvin)": 0,
        "absolute zero (celsius)": -273.15,
        "rankine (Fahrenheit)": 0.555556,
        "kelvin (celsius)": 1,
        "delisle (celsius)": 1.5,
        "thermodynamic temperature": 1,
        "luminous temperature": 1
    },
    "time": {
        "seconds": 1,
        "minutes": 60,
        "hours": 3600,
        "days": 86400,
        "weeks": 604800,
        "months": 2592000,
        "years": 31536000,
        "millennia": 31536000000,
        "fortnights": 1209600,
        "microseconds": 1e-6,
        "nanoseconds": 1e-9,
        "picoseconds": 1e-12,
        "decades": 315360000,
        "centuries": 3153600000,
        "eons": 3.15576e16,
        "leap seconds": 1,
        "femtoseconds": 1e-15
    },
    "energy": {
        "joules": 1,
        "calories": 4.184,
        "kilojoules": 1000,
        "watt-hours": 3600,
        "kilowatt-hours": 3600000,
        "British thermal units (BTUs)": 1055.06,
        "electron volts": 1.602e-19,
        "therms": 105505585,
        "foot-pounds": 1.35582,
        "horsepower-hours": 268451,
        "ergs": 1e-7,
        "kilocalories": 4184,
        "BTUs per minute": 1055.06,
        "calories per minute": 4.184,
        "watt-seconds": 1,
        "megajoules": 1e6
    },
    "power": {
        "watts": 1,
        "kilowatts": 1000,
        "horsepower (metric)": 735.49875,
        "horsepower (US)": 745.7,
        "BTUs per hour": 0.293071,
        "ergs per second": 1e-7,
        "kilojoules per second": 1,
        "megawatts": 1000000,
        "gigawatts": 1000000000,
        "calories per second": 4.184,
        "BTUs per minute": 17.5205,
        "BTUs per second": 1.7751,
        "watt-hours per day": 86400,
        "watts per square meter": 1,
        "milliwatts": 0.001
    },
    "fuel efficiency": {
        "miles per gallon (US)": 0.425144,
        "miles per gallon (UK)": 0.554613,
        "liters per 100 kilometers": 0.235214,
        "kilometers per liter": 0.621371,
        "gallons per 100 miles (US)": 0.247052,
        "gallons per 100 miles (UK)": 0.180752,
        "liters per mile": 0.0621371,
        "miles per liter": 0.621371,
        "kilometers per 100 miles": 0.621371,
        "liters per 100 miles": 0.235214,
        "miles per gallon (US) (UK)": 0.5568,
        "kilometers per gallon (UK)": 0.554613,
        "kilometers per gallon (US)": 0.425144
    },
    "energy density": {
        "calories per gram": 4.184,
        "kilojoules per gram": 4.184,
        "megajoules per liter": 4.184,
        "calories per kilogram": 4184,
        "kilojoules per kilogram": 4184,
        "megajoules per kilogram": 4.184,
        "calories per cubic centimeter": 4.184,
        "kilojoules per cubic centimeter": 4184,
        "megajoules per cubic meter": 4184,
        "calories per liter": 4184,
        "kilojoules per liter": 4184,
        "watt-hours per kilogram": 3.6
    },
    "magnetic flux density": {
        "tesla": 1,
        "gauss": 1e-4,
        "weber per square meter": 1,
        "ampere-turns per meter": 1,
        "nanoteslas": 1e-9,
        "microteslas": 1e-6,
        "kilogauss": 0.1,
        "maxwells per square centimeter": 1e-8,
        "millitesla": 1e-3,
        "microgauss": 1e-8,
        "kilotesla": 1e3
    },
    "radiation": {
        "sieverts": 1,
        "gray": 1,
        "rads": 0.01,
        "rem": 0.01,
        "becquerels": 1,
        "curies": 3.7e10,
        "roentgens": 0.2582,
        "radon": 1,
        "millisieverts": 0.001,
        "millirads": 0.01,
        "kermas": 1e-3,
        "centigrays": 0.01,
        "nanograys": 1e-9,
        "picograys": 1e-12
    },
    "frequency": {
        "hertz (Hz)": 1,
        "kilohertz (kHz)": 1000,
        "megahertz (MHz)": 1000000,
        "gigahertz (GHz)": 1000000000,
        "terahertz (THz)": 1000000000000,
        "revolutions per second (rev/s)": 1,
        "cycles per second (cps)": 1,
        "beats per minute (bpm)": 0.0166667,
        "radians per second (rad/s)": 1,
        "oscillations per second": 1,
        "cycles per minute": 0.0166667
    }
}